Name,Gender
Liam,male
Noah,male
Oliver,male
James,male
Elijah,male
Mateo,male
Theodore,male
Henry,male
Lucas,male
William,male
Benjamin,male
Levi,male
Sebastian,male
Jack,male
Ezra,male
Michael,male
Daniel,male
Leo,male
Samuel,male
Owen,male
Hudson,male
Alexander,male
Asher,male
Luca,male
Ethan,male
John,male
David,male
Jackson,male
Joseph,male
Mason,male
Luke,male
Matthew,male
Julian,male
Dylan,male
Jacob,male
Elias,male
Maverick,male
Gabriel,male
Logan,male
Aiden,male
Thomas,male
Isaac,male
Miles,male
Grayson,male
Santiago,male
Wyatt,male
Anthony,male
Carter,male
Jayden,male
Ezekiel,male
Caleb,male
Cooper,male
Josiah,male
Charles,male
Christopher,male
Isaiah,male
Nolan,male
Cameron,male
Nathan,male
Joshua,male
Kai,male
Waylon,male
Angel,male
Lincoln,male
Andrew,male
Roman,male
Adrian,male
Aaron,male
Ian,male
Wesley,male
Axel,male
Thiago,male
Brooks,male
Bennett,male
Weston,male
Rowan,male
Christian,male
Theo,male
Eli,male
Beau,male
Silas,male
Jonathan,male
Ryan,male
Leonardo,male
Walker,male
Jaxon,male
Micah,male
Everett,male
Robert,male
Enzo,male
Parker,male
Jeremiah,male
Jose,male
Colton,male
Luka,male
Jordan,male
Landon,male
Easton,male
Gael,male
Amir,male
Austin,male
Jameson,male
Adam,male
August,male
Xavier,male
Dominic,male
Myles,male
Damian,male
Nicholas,male
Jace,male
Atlas,male
Carson,male
Adriel,male
Kayden,male
Hunter,male
River,male
Greyson,male
Emmett,male
Harrison,male
Vincent,male
Milo,male
Jasper,male
Giovanni,male
Jonah,male
Zion,male
Connor,male
Sawyer,male
Ryder,male
Archer,male
Arthur,male
Lorenzo,male
Declan,male
Emiliano,male
Luis,male
Diego,male
George,male
Evan,male
Jaxson,male
Carlos,male
Juan,male
Graham,male
Kingston,male
Nathaniel,male
Matteo,male
Legend,male
Malachi,male
Jason,male
Leon,male
Dawson,male
Bryson,male
Amari,male
Calvin,male
Ivan,male
Chase,male
Cole,male
Ashton,male
Ace,male
Arlo,male
Dean,male
Brayden,male
Jude,male
Hayden,male
Max,male
Matias,male
Rhett,male
Jayce,male
Alan,male
Elliott,male
Braxton,male
Kaiden,male
Zachary,male
Jesus,male
Emmanuel,male
Adonis,male
Charlie,male
Judah,male
Tyler,male
Elliot,male
Antonio,male
Camden,male
Emilio,male
Maxwell,male
Stetson,male
Ryker,male
Justin,male
Finn,male
Kevin,male
Bentley,male
Messiah,male
Ayden,male
Zayden,male
Felix,male
Nicolas,male
Miguel,male
Maddox,male
Beckett,male
Tate,male
Caden,male
Beckham,male
Alejandro,male
Andres,male
Jesse,male
Alex,male
Brody,male
Tucker,male
Barrett,male
Jett,male
Knox,male
Hayes,male
Peter,male
Timothy,male
Joel,male
Edward,male
Griffin,male
Xander,male
Oscar,male
Victor,male
Abraham,male
Brandon,male
Abel,male
Richard,male
Callum,male
Riley,male
Patrick,male
Karter,male
Malakai,male
Eric,male
Grant,male
Israel,male
Milan,male
Rafael,male
Gavin,male
Tatum,male
Kairo,male
Elian,male
Lukas,male
Kyrie,male
Louis,male
Javier,male
Nico,male
Avery,male
Rory,male
Aziel,male
Ismael,male
Jeremy,male
Zayn,male
Cohen,male
Simon,male
Marcus,male
Mark,male
Steven,male
Dallas,male
Tristan,male
Lane,male
Blake,male
Paul,male
Paxton,male
Bryce,male
Nash,male
Crew,male
Kash,male
Kenneth,male
Omar,male
Colt,male
Lennox,male
King,male
Walter,male
Emerson,male
Phoenix,male
Jaylen,male
Derek,male
Muhammad,male
Kaleb,male
Ellis,male
Preston,male
Jorge,male
Zane,male
Kayson,male
Tobias,male
Cade,male
Kaden,male
Otto,male
Remington,male
Atticus,male
Finley,male
Holden,male
Jax,male
Martin,male
Cash,male
Ronan,male
Maximiliano,male
Romeo,male
Malcolm,male
Bodhi,male
Josue,male
Cyrus,male
Francisco,male
Koa,male
Angelo,male
Aidan,male
Jensen,male
Erick,male
Hendrix,male
Cody,male
Bryan,male
Warren,male
Onyx,male
Leonel,male
Andre,male
Clayton,male
Ali,male
Jaziel,male
Dante,male
Saint,male
Reid,male
Casey,male
Brian,male
Gideon,male
Maximus,male
Niko,male
Kyler,male
Colter,male
Brady,male
Zyaire,male
Cristian,male
Harvey,male
Cayden,male
Dakota,male
Cruz,male
Damien,male
Cairo,male
Anderson,male
Manuel,male
Colin,male
Joaquin,male
Ezequiel,male
Karson,male
Briggs,male
Callan,male
Khalil,male
Wade,male
Ari,male
Jared,male
Fernando,male
Colson,male
Kylian,male
Archie,male
Banks,male
Bowen,male
Kade,male
Jaden,male
Daxton,male
Rhys,male
Sonny,male
Zander,male
Eduardo,male
Iker,male
Sullivan,male
Bradley,male
Raymond,male
Odin,male
Spencer,male
Stephen,male
Prince,male
Brantley,male
Cesar,male
Killian,male
Kamari,male
Dariel,male
Eithan,male
Mathias,male
Ricardo,male
Orion,male
Titus,male
Luciano,male
Rylan,male
Chance,male
Pablo,male
Travis,male
Kohen,male
Jay,male
Marco,male
Malik,male
Hector,male
Edwin,male
Armani,male
Bodie,male
Marshall,male
Shiloh,male
Remy,male
Baylor,male
Kameron,male
Russell,male
Tyson,male
Grady,male
Oakley,male
Baker,male
Winston,male
Desmond,male
Julius,male
Royal,male
Kane,male
Sterling,male
Shepherd,male
Kylo,male
Mario,male
Sergio,male
Jake,male
Kashton,male
Franklin,male
Ibrahim,male
Koda,male
Lawson,male
Ares,male
Hugo,male
Sage,male
Santino,male
Kobe,male
Kyle,male
Kyson,male
Pedro,male
Wilder,male
Raiden,male
Forrest,male
Damon,male
Nasir,male
Sean,male
Kian,male
Reed,male
Jalen,male
Nehemiah,male
Tanner,male
Zayne,male
Apollo,male
Johnny,male
Edgar,male
Clark,male
Solomon,male
Eden,male
Gunner,male
Isaias,male
Esteban,male
Alijah,male
Hank,male
Royce,male
Sutton,male
Wells,male
Gianni,male
Reece,male
Callen,male
Noel,male
Quinn,male
Raphael,male
Erik,male
Corbin,male
Francis,male
Atreus,male
Tripp,male
Kayce,male
Callahan,male
Troy,male
Devin,male
Moshe,male
Sylas,male
Fabian,male
Zaire,male
Johnathan,male
Donovan,male
Frank,male
Lewis,male
Adan,male
Alexis,male
Tadeo,male
Ronin,male
Leonidas,male
Marcos,male
Kieran,male
Kendrick,male
Bo,male
Ruben,male
Camilo,male
Matthias,male
Garrett,male
Emanuel,male
Jeffrey,male
Augustus,male
Collin,male
Lucian,male
Memphis,male
Finnegan,male
Makai,male
Rowen,male
Yusuf,male
Lucca,male
Caiden,male
Lionel,male
Rodrigo,male
Uriel,male
Philip,male
Andy,male
Porter,male
Jaiden,male
Kaison,male
Jasiah,male
Ridge,male
Frederick,male
Amiri,male
Rocco,male
Asa,male
Denver,male
Ayaan,male
Kason,male
Dalton,male
Major,male
Valentino,male
Allen,male
Rome,male
Kolton,male
Zaiden,male
Leland,male
Marcelo,male
Ariel,male
Ford,male
Leandro,male
Jamir,male
Seth,male
Roberto,male
Miller,male
Gregory,male
Alessandro,male
Cassian,male
Deacon,male
Hezekiah,male
Jonas,male
Alonzo,male
Jaxton,male
Keanu,male
Conrad,male
Drew,male
Moises,male
Bruce,male
Soren,male
Mohamed,male
Anakin,male
Mack,male
Pierce,male
Moses,male
Kylan,male
Princeton,male
Zain,male
Morgan,male
Trevor,male
Ozzy,male
Dominick,male
Shane,male
Roy,male
Hamza,male
Lawrence,male
Dax,male
Ledger,male
Rayan,male
Maximilian,male
Samson,male
Ander,male
Enrique,male
Jamari,male
Johan,male
Saul,male
Kaysen,male
Rio,male
Armando,male
Azariah,male
Julio,male
Mohammad,male
Braylen,male
Cassius,male
Kasen,male
Maximo,male
Omari,male
Izaiah,male
Clay,male
Emir,male
Jaime,male
Lian,male
Zachariah,male
Samir,male
Kaizen,male
Albert,male
Gerardo,male
Taylor,male
Jayson,male
Sincere,male
Gunnar,male
Cillian,male
Boone,male
Raul,male
Westin,male
Danny,male
Jamie,male
Jayceon,male
Scott,male
Arjun,male
Kamden,male
Koen,male
Nikolai,male
Colby,male
Peyton,male
Dorian,male
Ocean,male
Louie,male
Layton,male
Ronald,male
Davis,male
Jase,male
Kyro,male
Benson,male
Yosef,male
Huxley,male
Kenzo,male
Phillip,male
Arturo,male
Augustine,male
Conor,male
Mohammed,male
Reign,male
Kareem,male
Keegan,male
Vicente,male
Chaim,male
Salem,male
Fletcher,male
Reese,male
Shawn,male
Braylon,male
Boston,male
Gustavo,male
Julien,male
Marvin,male
Alden,male
Cannon,male
Eliam,male
Zeke,male
Corey,male
Dennis,male
Madden,male
Elio,male
Amos,male
Krew,male
Nikolas,male
Layne,male
Ahmed,male
Harlan,male
Musa,male
Otis,male
Brixton,male
Mac,male
Azriel,male
Donald,male
Emmitt,male
Jamison,male
Roland,male
Zakai,male
Dario,male
Caspian,male
Finnley,male
Aarav,male
Raylan,male
Mauricio,male
Tru,male
Briar,male
Chosen,male
Quincy,male
Wilson,male
Creed,male
Sam,male
Santana,male
Trace,male
Waylen,male
Westley,male
Jakari,male
Drake,male
Amias,male
Duke,male
Azrael,male
Ahmad,male
Axton,male
Chandler,male
Hassan,male
Houston,male
Tommy,male
Eliseo,male
Leonard,male
Truett,male
Dustin,male
Ezrah,male
Kyree,male
Uriah,male
Zamir,male
Abdiel,male
Azael,male
Dexter,male
Salvador,male
Ryland,male
Zyair,male
Karim,male
Lee,male
Rhodes,male
Enoch,male
Valentin,male
Abram,male
Bruno,male
Cal,male
Keith,male
Mylo,male
Case,male
Alvaro,male
Avyaan,male
Wylder,male
Trey,male
Nathanael,male
Clyde,male
Khai,male
Rex,male
Tomas,male
Zaid,male
Crue,male
Dutton,male
Darius,male
Skyler,male
Jakai,male
Zayd,male
Gage,male
Riggs,male
Wayne,male
Jiraiya,male
Junior,male
Alberto,male
Carmelo,male
Loyal,male
Aron,male
Aryan,male
Conner,male
Alfredo,male
Douglas,male
Vincenzo,male
Forest,male
Avi,male
Casen,male
Bellamy,male
Bridger,male
Emery,male
Brock,male
Misael,male
Zahir,male
Lennon,male
Rayden,male
Boden,male
Derrick,male
Dilan,male
Roger,male
Marcel,male
Jefferson,male
Alvin,male
Magnus,male
Ray,male
Blaze,male
Dillon,male
Kaiser,male
Quentin,male
Dakari,male
Lachlan,male
Ty,male
Abdullah,male
Chris,male
Orlando,male
Gian,male
Yael,male
Benicio,male
Evander,male
Franco,male
Yehuda,male
Flynn,male
Harry,male
Hugh,male
Aries,male
Robin,male
Sevyn,male
Ambrose,male
Cason,male
Idris,male
Issac,male
Rey,male
Brycen,male
Cayson,male
Santos,male
Ben,male
Nelson,male
Bjorn,male
Wes,male
Westyn,male
Khaza,male
Seven,male
Kiaan,male
Jahmir,male
Watson,male
Neil,male
Izael,male
Stanley,male
Gatlin,male
Landen,male
Reuben,male
Allan,male
Quinton,male
Noe,male
Chozen,male
Damir,male
Kannon,male
Lance,male
Remi,male
Bear,male
Jimmy,male
Melvin,male
Edison,male
Lochlan,male
Yousef,male
Arian,male
Kenji,male
Khari,male
Rohan,male
Rudy,male
Emory,male
Legacy,male
Eliel,male
Guillermo,male
Byron,male
Dereck,male
Everest,male
Mitchell,male
Yahir,male
Aden,male
Alec,male
Brodie,male
Massimo,male
Tony,male
Anders,male
Jerry,male
Alonso,male
Jaxxon,male
Jireh,male
Kingsley,male
Ayan,male
Brayan,male
Ramon,male
Jagger,male
Teo,male
Vihaan,male
Elisha,male
Judson,male
Leif,male
Trenton,male
Eddie,male
Grey,male
Joziah,male
Zyon,male
Felipe,male
Jesiah,male
Kyaire,male
Ernesto,male
Ishaan,male
Marcellus,male
Matheo,male
Leroy,male
Ricky,male
Fisher,male
Keaton,male
Kylen,male
Zev,male
Ira,male
Izan,male
Jedidiah,male
Yahya,male
Ignacio,male
Mustafa,male
Nixon,male
Aurelio,male
Brendan,male
Jericho,male
Rocky,male
Calum,male
Demetrius,male
Eiden,male
Langston,male
Dash,male
Landyn,male
Axl,male
Jovanni,male
Mathew,male
Thaddeus,male
Justice,male
Murphy,male
Zavier,male
Curtis,male
Dane,male
Jrue,male
Kellan,male
Semaj,male
Devon,male
Joe,male
Joey,male
Van,male
Harlem,male
Jon,male
Zechariah,male
Ryatt,male
Coleson,male
Jairo,male
Salvatore,male
Eugene,male
Alistair,male
Cain,male
Harold,male
Kellen,male
Lucien,male
Colten,male
Jabari,male
Castiel,male
Shmuel,male
Alfred,male
Benedict,male
Duncan,male
Meir,male
Ermias,male
Mordechai,male
Yadiel,male
Zen,male
Imran,male
Kaisen,male
Kolson,male
Eren,male
Jasiel,male
Kye,male
Marlon,male
Osiris,male
Palmer,male
Adler,male
Kartier,male
Kyren,male
Aldo,male
Wesson,male
Ahmir,male
Ameer,male
Boaz,male
Nova,male
Shepard,male
Vance,male
Asaiah,male
Randy,male
Talon,male
Yisroel,male
Kenai,male
Stefan,male
Yaakov,male
Carl,male
Deandre,male
Jones,male
Foster,male
Kelvin,male
Leighton,male
Darwin,male
Rishi,male
Kole,male
Maurice,male
Mccoy,male
Neo,male
Titan,male
Mael,male
Alfonso,male
Henrik,male
Jeremias,male
Karsyn,male
Shai,male
True,male
Veer,male
Wren,male
Darren,male
Ephraim,male
Jadiel,male
Mekhi,male
Mikael,male
Osman,male
Atharv,male
Eliezer,male
Gordon,male
Kody,male
Stone,male
Teddy,male
Abner,male
Harley,male
Ulises,male
Hollis,male
,male
Olivia,female
Emma,female
Charlotte,female
Amelia,female
Sophia,female
Mia,female
Isabella,female
Ava,female
Evelyn,female
Luna,female
Harper,female
Sofia,female
Camila,female
Eleanor,female
Elizabeth,female
Violet,female
Scarlett,female
Hazel,female
Emily,female
Lily,female
Gianna,female
Aurora,female
Penelope,female
Nora,female
Aria,female
Chloe,female
Ellie,female
Mila,female
Avery,female
Layla,female
Abigail,female
Ella,female
Isla,female
Eliana,female
Nova,female
Zoe,female
Madison,female
Ivy,female
Grace,female
Lucy,female
Willow,female
Emilia,female
Riley,female
Naomi,female
Victoria,female
Stella,female
Elena,female
Hannah,female
Valentina,female
Maya,female
Zoey,female
Delilah,female
Leah,female
Lainey,female
Lillian,female
Paisley,female
Genesis,female
Madelyn,female
Sadie,female
Sophie,female
Leilani,female
Addison,female
Natalie,female
Josephine,female
Ruby,female
Alice,female
Claire,female
Kinsley,female
Everly,female
Emery,female
Adeline,female
Kennedy,female
Maeve,female
Audrey,female
Autumn,female
Athena,female
Eden,female
Iris,female
Anna,female
Jade,female
Eloise,female
Maria,female
Caroline,female
Brooklyn,female
Aaliyah,female
Quinn,female
Vivian,female
Liliana,female
Gabriella,female
Hailey,female
Sarah,female
Savannah,female
Cora,female
Madeline,female
Lydia,female
Natalia,female
Ariana,female
Clara,female
Lyla,female
Allison,female
Aubrey,female
Melody,female
Serenity,female
Millie,female
Ayla,female
Bella,female
Skylar,female
Josie,female
Lucia,female
Daisy,female
Raelynn,female
Eva,female
Juniper,female
Samantha,female
Elliana,female
Eliza,female
Nevaeh,female
Rylee,female
Hadley,female
Alaia,female
Julia,female
Parker,female
Amara,female
Rose,female
Charlie,female
Ashley,female
Remi,female
Georgia,female
Adalynn,female
Melanie,female
Amira,female
Margaret,female
Mary,female
Brielle,female
Piper,female
Freya,female
Cecilia,female
Esther,female
Arya,female
Sienna,female
Summer,female
Peyton,female
Sage,female
Magnolia,female
Valerie,female
Emersyn,female
Catalina,female
Margot,female
Everleigh,female
Alina,female
Sloane,female
Brianna,female
Oakley,female
Valeria,female
Kehlani,female
Blakely,female
Oaklynn,female
Ximena,female
Isabelle,female
Juliette,female
Emerson,female
Amaya,female
Elsie,female
Isabel,female
Genevieve,female
Mackenzie,female
Anastasia,female
Reagan,female
Ember,female
Katherine,female
June,female
Bailey,female
Andrea,female
Reese,female
Wrenley,female
Alani,female
Gemma,female
Ada,female
Callie,female
Olive,female
Kaylee,female
Rosalie,female
Myla,female
Alana,female
Ariella,female
Kaia,female
Ruth,female
Sara,female
Arianna,female
Phoebe,female
Jasmine,female
Adaline,female
River,female
Hallie,female
Wren,female
Adalyn,female
Presley,female
Lilah,female
Alora,female
Amy,female
Norah,female
Annie,female
Zuri,female
Alexandra,female
Sutton,female
Noelle,female
Kylie,female
Molly,female
Journee,female
Lia,female
Leia,female
Evangeline,female
Lila,female
Saylor,female
Aspen,female
Khloe,female
Aitana,female
Haven,female
Alaina,female
Aliyah,female
Blake,female
Kimberly,female
Vera,female
Ana,female
Kailani,female
Tatum,female
Arabella,female
Diana,female
Selena,female
Kiara,female
Harmony,female
Lilith,female
Delaney,female
Rowan,female
Vivienne,female
Zara,female
Harlow,female
Collins,female
Faith,female
Leila,female
Daphne,female
Blair,female
Lennon,female
Stevie,female
Mariana,female
Kaylani,female
Morgan,female
Miriam,female
Gracie,female
Juliana,female
Nyla,female
Daniela,female
Dahlia,female
Rachel,female
Angela,female
Brynlee,female
Lilly,female
Kamila,female
Samara,female
Taylor,female
Lola,female
Dakota,female
Ryleigh,female
Talia,female
Ophelia,female
Jordyn,female
Evie,female
Gia,female
Camille,female
Lena,female
Milani,female
Elaina,female
Malia,female
Elise,female
Celeste,female
Londyn,female
Palmer,female
Mabel,female
Octavia,female
Sawyer,female
Jane,female
Finley,female
Lucille,female
Adelaide,female
Marley,female
Shiloh,female
Ariel,female
Antonella,female
Poppy,female
Kali,female
Elianna,female
Juliet,female
Maisie,female
Cataleya,female
Danna,female
Aubree,female
Gabriela,female
Noa,female
Brooke,female
Celine,female
Selah,female
Alessia,female
Hope,female
Vanessa,female
Rory,female
Amari,female
Sydney,female
Adriana,female
Teagan,female
Rosemary,female
Payton,female
Laila,female
London,female
Angelina,female
Rebecca,female
Alayna,female
Kendall,female
Evelynn,female
Maggie,female
Adelyn,female
Thea,female
Amina,female
Tessa,female
Kayla,female
Esme,female
Mckenna,female
Nicole,female
Regina,female
Luciana,female
Catherine,female
Julianna,female
Nayeli,female
Journey,female
Alyssa,female
Ariyah,female
Camilla,female
Dream,female
Nina,female
Joanna,female
Annabelle,female
Mya,female
Esmeralda,female
Lauren,female
Fatima,female
Harley,female
Jocelyn,female
Giselle,female
Trinity,female
Phoenix,female
Malani,female
Meadow,female
Heidi,female
Raya,female
Paige,female
Jayla,female
Logan,female
Leighton,female
Charlee,female
Viviana,female
Madilyn,female
Raven,female
Laura,female
Navy,female
Amora,female
Azalea,female
Itzel,female
Emory,female
Hayden,female
Winter,female
Aurelia,female
Aniyah,female
Brooklynn,female
Alivia,female
Francesca,female
Serena,female
Lilliana,female
Gracelynn,female
Gwendolyn,female
Aisha,female
Kalani,female
Elaine,female
Wynter,female
Nylah,female
Hattie,female
Adelynn,female
Alayah,female
Adelina,female
Anaya,female
Mylah,female
Alessandra,female
Julieta,female
Rosie,female
Mariah,female
Demi,female
Helen,female
Sabrina,female
Raelyn,female
Everlee,female
Astrid,female
Fiona,female
Michelle,female
Xiomara,female
Alexandria,female
Briella,female
Frances,female
Sunny,female
Sarai,female
Zariah,female
Alaya,female
Melissa,female
Veronica,female
Mira,female
Reign,female
Brynn,female
Maryam,female
Lana,female
Salem,female
Remington,female
Arielle,female
Elisa,female
Raegan,female
Aylin,female
Carolina,female
Emely,female
Sylvie,female
Sylvia,female
Annalise,female
Willa,female
Kira,female
Daniella,female
Mallory,female
Miracle,female
Saige,female
Carmen,female
Elora,female
Charli,female
Mckenzie,female
Matilda,female
Destiny,female
Alicia,female
Elle,female
Colette,female
Anya,female
Madeleine,female
Daleyza,female
Oaklee,female
Skye,female
Alexis,female
Miley,female
Cali,female
Holly,female
Katalina,female
Makayla,female
Joy,female
Felicity,female
Alanna,female
Helena,female
Amirah,female
Maia,female
Armani,female
Alma,female
Dorothy,female
Ari,female
Scarlet,female
Anahi,female
Amiyah,female
Bianca,female
Stephanie,female
Fernanda,female
Briana,female
Alison,female
Renata,female
Lorelai,female
Macie,female
Makenna,female
Imani,female
Jimena,female
Kate,female
Cameron,female
Liana,female
Maddison,female
Lyra,female
Amanda,female
Izabella,female
Lorelei,female
Opal,female
Dayana,female
Gracelyn,female
Nadia,female
Brinley,female
Calliope,female
Madelynn,female
Paris,female
Danielle,female
Camryn,female
Cassidy,female
Cecelia,female
Jordan,female
Haisley,female
Faye,female
Marlee,female
Bonnie,female
Edith,female
Allie,female
Emmy,female
Mae,female
Oakleigh,female
Kaliyah,female
Meredith,female
Carter,female
Kamryn,female
Ariah,female
Heaven,female
Maxine,female
Angel,female
April,female
Blaire,female
Leona,female
Murphy,female
Ivory,female
Jennifer,female
Florence,female
Lexi,female
Hanna,female
Alondra,female
Rhea,female
Katie,female
Amalia,female
Bristol,female
Monroe,female
Maliyah,female
Kora,female
Emelia,female
Mariam,female
Ariya,female
Jacqueline,female
Lyric,female
Makenzie,female
Frankie,female
Jazlyn,female
Legacy,female
Clementine,female
Margo,female
Jolene,female
Maren,female
Paislee,female
Sevyn,female
Alejandra,female
Briar,female
Jessica,female
Averie,female
Yaretzi,female
Gabrielle,female
Rylie,female
Zahra,female
Alia,female
Emerie,female
Lilian,female
Arleth,female
Virginia,female
Avianna,female
Royalty,female
Azariah,female
Halo,female
Kyla,female
Keira,female
Kenzie,female
Sierra,female
Reyna,female
Capri,female
Holland,female
Marina,female
Thalia,female
Amber,female
Miranda,female
Noemi,female
Indie,female
Oaklyn,female
Rosalia,female
Sariyah,female
Anne,female
Mara,female
Wrenlee,female
Lina,female
Louise,female
Mina,female
Jovie,female
Beatrice,female
Journi,female
Marceline,female
Nalani,female
Ailani,female
Ivanna,female
Myra,female
Mavis,female
Aliana,female
Kinley,female
Ainsley,female
Eve,female
Iyla,female
Jaylani,female
Leyla,female
Lylah,female
Alexa,female
Arlet,female
Chaya,female
Charleigh,female
Tiana,female
Winnie,female
Cleo,female
Estella,female
Hadassah,female
Yara,female
Mikayla,female
Nellie,female
Scottie,female
Dallas,female
Ellianna,female
Sasha,female
Kaitlyn,female
Amani,female
Ila,female
Skyler,female
Abby,female
Amaia,female
Freyja,female
Kennedi,female
Lennox,female
Romina,female
Jenna,female
Kayleigh,female
Amoura,female
Melany,female
Angelica,female
Zariyah,female
Mckinley,female
Michaela,female
Nia,female
Cassandra,female
Keilani,female
Marie,female
Noah,female
Reina,female
Remy,female
Della,female
Jazmin,female
Milan,female
Davina,female
Jaliyah,female
Dylan,female
Galilea,female
Priscilla,female
Erin,female
Jenesis,female
Violeta,female
Melina,female
Shelby,female
Isabela,female
Emberly,female
Laney,female
Aliza,female
Eileen,female
Elliott,female
Kelsey,female
Braelynn,female
Siena,female
Aleena,female
Analia,female
Rosa,female
Leslie,female
Gloria,female
Clover,female
Kataleya,female
Martha,female
Irene,female
Penny,female
Kathryn,female
Ryan,female
Kaeli,female
Taytum,female
Karsyn,female
Flora,female
Estrella,female
Haley,female
Adrianna,female
Halle,female
Goldie,female
Fallon,female
Sloan,female
Vienna,female
Macy,female
Elowyn,female
Janelle,female
Megan,female
Aya,female
Maci,female
Azari,female
Kyra,female
Lillie,female
Birdie,female
Milena,female
Liv,female
Christina,female
Zelda,female
Julie,female
Novah,female
Paula,female
Selene,female
Khaleesi,female
Estelle,female
Karla,female
Chelsea,female
Marigold,female
Chana,female
Laurel,female
Promise,female
Rayna,female
Alisson,female
Coraline,female
Yareli,female
Bethany,female
Jemma,female
Adalee,female
Andi,female
Kiana,female
Charley,female
Hana,female
Madilynn,female
Monica,female
Dior,female
Lara,female
Love,female
Rivka,female
Arlette,female
Whitley,female
Zaniyah,female
Inaya,female
Elodie,female
Angie,female
Nola,female
Kendra,female
Marilyn,female
Aleah,female
Amayah,female
Emerald,female
Addilyn,female
Bridget,female
Giana,female
Persephone,female
Ellis,female
Kenna,female
Baylor,female
Johanna,female
Kensley,female
Milana,female
Brynleigh,female
Zaria,female
Adley,female
Aviana,female
Drew,female
Karina,female
Lacey,female
Loretta,female
Ezra,female
Leilany,female
Lenora,female
Novalee,female
Georgina,female
Aila,female
Emmie,female
Kylee,female
Adhara,female
Dulce,female
Paulina,female
Malaysia,female
Theodora,female
Dani,female
Kelly,female
Lottie,female
Lakelynn,female
Carly,female
Denver,female
Jamie,female
Marisol,female
Sky,female
Kinslee,female
Robin,female
Cheyenne,female
Jayleen,female
Jream,female
Maisy,female
Henley,female
Noor,female
Ramona,female
Savanna,female
Jessie,female
Kaiya,female
Aileen,female
Emberlynn,female
Pearl,female
Zayla,female
Lea,female
Samira,female
Araceli,female
Azaria,female
Hunter,female
Louisa,female
Skyla,female
Treasure,female
Elyse,female
Kori,female
Nyomi,female
Kamari,female
Tallulah,female
Veda,female
Alexia,female
Gwen,female
Alena,female
Mikaela,female
Kya,female
Naya,female
Scout,female
Ocean,female
Valery,female
Adele,female
Livia,female
Celia,female
Iliana,female
Vada,female
Zaylee,female
Ashlyn,female
Bellamy,female
Zendaya,female
Mercy,female
Marlowe,female
Aspyn,female
Berkley,female
Maddie,female
Arely,female
Avani,female
Linda,female
Belen,female
Luz,female
Teresa,female
Meilani,female
Nala,female
Amiri,female
Ivey,female
Anais,female
Katelyn,female
Lisa,female
Malaya,female
Artemis,female
Dania,female
Ailany,female
Brittany,female
Rayne,female
Stormi,female
Yasmin,female
Zora,female
Zoya,female
Cielo,female
Kallie,female
Ainara,female
Billie,female
Janiyah,female
Khalani,female
Rosalina,female
Zhuri,female
Aliya,female
Cynthia,female
Elia,female
Elina,female
Lilianna,female
Alitzel,female
Barbara,female
Zainab,female
Ensley,female
Jaycee,female
Winona,female
Miller,female
Waverly,female
Andie,female
Kimber,female
Marianna,female
Emryn,female
Baylee,female
Karter,female
Keyla,female
Liberty,female
Giuliana,female
Sol,female
Amelie,female
Hadlee,female
Harmoni,female
Elliot,female
Tiffany,female
Bria,female
Chandler,female
Dalia,female
Lilyana,female
Magdalena,female
Nori,female
Jolie,female
Judith,female
Salma,female
Madalyn,female
Raquel,female
Keily,female
Yamileth,female
Braelyn,female
Kamiyah,female
Amaris,female
Harlee,female
Kimora,female
August,female
Ayleen,female
Jazmine,female
Raina,female
Ruthie,female
Princess,female
Indy,female
Laylani,female
Marleigh,female
Roselyn,female
Simone,female
Ashlynn,female
Nataly,female
Anika,female
Giovanna,female
Lakelyn,female
Luella,female
Solana,female
Bailee,female
Etta,female
Greta,female
Joelle,female
Julissa,female
Kara,female
Kai,female
Avayah,female
Nancy,female
Alianna,female
Ayra,female
Eleanora,female
Sarahi,female
Xyla,female
Emmeline,female
Kenia,female
Luisa,female
Cadence,female
Elouise,female
Reya,female
Aura,female
Blessing,female
Emiliana,female
Annika,female
Kassidy,female
Saoirse,female
Lilia,female
Indigo,female
Mazie,female
Winifred,female
Aleyna,female
Saanvi,female
Tru,female
Carla,female
Deborah,female
Malayah,female
Hayley,female
Seraphina,female
Allyson,female
Layne,female
Paloma,female
Soleil,female
Dana,female
Sapphire,female
Kahlani,female
Nyra,female
Quincy,female
Whitney,female
Laylah,female
Violette,female
Clare,female
Leanna,female
Natasha,female
Kairi,female
Ainhoa,female
Alaiya,female
Esperanza,female
Neriah,female
Amyra,female
Araya,female
Elisabeth,female
Royal,female
Aadhya,female
Angelique,female
Sariah,female
Shay,female
Ayah,female
,female
