,0
0,"I moved an hour away from my long-term behavioral health clinic where I have medications and therapy. I am trying to find local outpatient services, but the places that call me have strange rules including: no one here will prescribe one of my two psychological medications, klonopin. I tried an alternative a few years ago, hydroxyzine, but did nothing for panic attacks. Recently benadryl was suggested, but it does not help anxiety or panic at all and caused severe dry mouth. also, neither hydroxide nor benadryl helped during manic episodes when these symptoms are more intense. 1) what is happening in which klonopin is no longer prescribed? 2) What are the alternatives that really work for moderate to severe panic attacks? my other psych is seroquel."
1,"I live in Argentina, and I can't be demanding with my psychologists/psychiatrists because I'm broke and I can't afford to go for the private ones. I never got a diagnosis of what my problem is, in my teens I was prescribed 4 mg of risperidone, when I turned 18 I got 100 mg of quetiapine instead, and now I'm going to change again, to 5 mg of olanzapine... and honestly I'm probably not going to take it, it's frustrating not knowing what I'm taking this for apart from ""most likely it will make you feel better."" Quetiapine ruined my figure and made me earn more fat at the waist than anywhere else (I have a diet, avoid refined carbohydrates like the plague), and looking online, I found olanzapine does the same thing. I was considering mentioning my new psychiatrist who would prefer to take risperidone again, although I had problems with increasing my prolactin levels... but it's the least of two evils... this is why..."
2,Please help me.
3,"Hi I've never seen a psychiatrist before, so I'm not sure if it's the norm, but I and my son went on a date with an outpatient psychiatrist, I thought it was very unprofessional and rude. He said that if you think your son doesn't have a mental illness to go out when we ask for clarifications and question the diagnosis (I think he has a mental illness but not the correct diagnosis) he also told my son ""that jumper is looking tight in you makes sand"" which made him feel even more paranoid than he already is. He raised his voice a lot so I feel that other people in the waiting room could hear. I also feel that he was trying to provoke a reaction outside of my son. Is this normal and appropriate behavior?"
4,"I'm trying to understand my mother that, for about 25 years, she has had the firm belief that my aunt has been sending people - whether it's people my aunt knows or even my aunt herself - to spy on her at home, stalking her when she leaves, so that she can do less harm to her home, and more recently, her health. Retrospective story: 30 years ago my aunt's partner left her and moved with my mother and I until she could find her own place. my aunt was obsessed with her boyfriend leaving her and broke her mentally. she turned to religion but in an unhealthy way where she was no longer responsible for anything. good or bad, it was God. talking about her day, the weather, her vacation, her lunch, somehow she went back to God. she was also a bit of a sadist. she would insult you for no reason then laughing while she remained in the sequel of pain. she would lie about anything. she once medicated a medical note claiming to have help (26 years later she is alive and ""well"")."
5,"So I started brintellix just over two weeks ago and I've been having suicidal thoughts for the last two days, I'm not at risk but I wonder how long these thoughts tend to last because it's really exhausting."
6,If I study in my home I have to force myself only to study 1 hour to be super tired and overwhelmed if I study like in a park or coffee I can study for 5+ hours I feel maybe a little tired but that's what is called this? why does it happen?
7,"Can anyone answer these questions? if no answer number 3 please 1 Can I be resistant to medicine? 2 am I getting schizophrenia? 3 are schizophrenia and dementia the same, if you have had drug-induced psychosis, are you more likely to develop dementia? 4 could abilify work the same as olanzapine do exactly the same. or is olanzapine blocking more receptors in the brain? can abilify psychosis make it worse so an article about that, is that so in my case? 5 could abilify and be the reason I have psychosis, since it can release too much dopamine in a low dose, I have heard from social networks. want to make sure that this doesn't happen so in 4 years I'm going to switch to olanzapine and take it for 1 year and slowly catch it 6 can cause psychosis when I am very sensitive to psychosis now that I have had it 3 times but I was slightly drunk. feel this is the fault of hearing the voice? 7 How do I know that I can be sure that I can get out of the medication when I occasionally listen voii"
8,Only curious if there might be any benefit/contraindication to taking trintellix 5 mg bid. Could you mitigate the side effects (i.e. nausea) of taking a larger dose at a time vs. spreading out?
9,"[24m] I need help to understand/fix a problem that my psychiatrist does not seem to understand tldr; he started having mild hallucinations 1h after taking my usual dose of quetiapine in July, first rarely and not scary, and now day by day and creepy. Why is this happening? I started taking quetiapine (400mg now, back to 300mg the following week) for bipolar disorder in March of this year along with alimemazine for insomnia. I take both 1h before when I want to fall asleep. It works well however in July I started to have mild hallucinations from time to time, always in the hour following my dose. Nothing crazy at first, the lines in the wood on the floor or the tables would slide slowly, or the same if there was a stain on a wall: it slides on the wall or moves slowly. In August, this type of mild hallucinations began to be more frequent, every few days and at this time I started to see whole objects moving too."
10,"27f, 5”2’, 100 pounds, cigarettes, diagnosed with bipolar 2 (I think it is more likely to be limit personality disorder), in recovering alcohol and xanax I use my sister came to my house today after an appointment with her psychiatrist and she showed my list of medications. I was surprised by how many there were and that I did not know what most of them were for. this is the list... 1) haloperidol decanoate (haloperidol decanoate) 100 mg/ml, solution, inject 300 mg intramuscularly every four weeks, qty: 3, recharges: 1, duration: 30, issued: 9/27/2023 2) lithium carbonate (Lithium carbonate) 300 mg, tablet, take 1 tablet per mouth three times a day, qty: 90, fillers: none, duration: 30, issued: 9/27/2023 3) naltrexone (naltrexone) 50 mg, tablet, take 1.5 tablets per mouth once a day, qty: 45, recharges: 1, duration: 30, issued: 9/2723 3) betrexone (food): 30 mg:"
11,"I worry a lot about my mom and I worry about the day she dies. about how I could react. it's my biggest fear and I don't think I'm going to be okay idk as I have considered if I should tell my family to come look for me as soon as possible that day in fear of how I might react I'm not s-dal, but I'm allowed to tell my therapist I care about the future when it comes to this? I'm afraid because I know they can do something? but I want to work on this beforehand and prevent this you know? but I don't know if I'm allowed / I should"
12,"Im mainly playing an online character, but I would say that like 80% of it is probably quite a place in. I would like you to explain to you the way I see things, and I have. not here, somewhere else, at another time. I really don't want your curse. I don't want you to curse me with the conditions you think I have. all I really want from you is to give me a protective charm so when others attack me and hurt me never lose control again."
13,"So I want to change my sleep routine from night to day, the thing is that I wake up when your time to take my seroquel xr. is to stay awake in harmful seroquel xr? I get mild sedation, I am also in trt. Will the therapeutic effects (antipsychotics for the treatment of psychosis and mania) remain?"
14,"20f, 5'7, wear, Caucasian, 150lbs during the past week and half, I have felt incredibly restless. my mind has been running and jumping from one thing to the other at a very fast pace and transmitting a false sense of urgency to the point where I can't continue with it. I've only been cleaning my room and going on long walks, particularly at night, as a means of coping because I feel I need to be moving at all times. sleeping is very hard too. two nights ago I barely slept at all, and then the next morning ( yesterday) I had to get up at 7am for school, so I probably got a total of 5 hours of sleep, and that's to be generous. I had school until 9pm, and I still had a lot of energy so I went in an hour and a half walk after I was fired, I went to a friend's house after that (it was invited), and I got home around 12:30am. and I still managed to be up to 3 am barely packing around, cleaning my room, etc. I found that my energy is built throughout the day and hard."
15,"I hope this finds you well. I have come to the conclusion that I expose quite a few narcissistic tendencies. this has had a very negative impact on my life so far, and I am very interested in starting the process of handling this by making changes for the better. my problem is that I really don't know where to start. I'm not in a position to allow myself to talk therapy at the moment, and many of the books I have found are written for people who are dealing with narcissists, and may not have any relevant advice for my circumstances. I was wondering if any of you could point to resources that might be of use to me. any advice would be greatly appreciated. thank you in advance."
16,"Hi guys... I need help.... my boyfriend and I had a great relationship for 7 years, of course, as in each relationship, there were some problems in ours, but we always got over them. a boyfriend was taking 100 mg of sertraline (ssri) daily from his doctor for his anxiety social phobia. he became friends with a certain person who led him to use lsd and magic mushrooms. he wanted to propose me 3 months ago. in 1.5 months since he suddenly stopped ssris - without consulting a doctor, he stopped them completely after about 3 days, because he found that the hallicinogens in combination with lsd do not work and removed some trips (lsd ans mushrooms). in the last 1.5 months his behavior has changed so much... he began to go to lush drug parties until the morning, he dressed completely different, he began to listen raves... just like the guy he met... and he is the best who broke with me today after 8 years for no reason."
17,"Hello everyone, 30 bipolar 1 I am currently being treated with fluoxetine 40mg and olanzapine 10mg. We just started fluoxetine about two weeks ago, recently I have been feeling incredibly agitated and dysphoric. What should I do?"
18,Can abilify change person and discernment? What kind of changes are these
19,"A question of a layman with academic intent, hoping to distinguish strengths and weaknesses from the three types of behavioral therapy."
20,"heyho, today I thought a little bit about the condition of mania and I thought I literally don't know any case of mania personally, while depression and depressive-maniac-disorder (donno the right English term).Why are there apparently so few people with mania when it's more or less connected to depression (the other side of the spectrum basically), which is one of the most common or most common mental illnesses?"
21,It's about 4 hours after my first dose (25mg) that I took at 6:15 am with my ritaline 30mg. y'all my stomach is cramped and I'm so nauseous and started to vomit about 45 minutes ago. What in the world is going on here? This can't be the medicine already right?
22,"I've been taking vyvanse for a while for adhd-pi, but I seem to get a bigger effect than desired that seems to pass much faster than I'm supposed to. at best it comes to me about half of 10-14 hours, even at higher doses. my resting heart rate goes up to 100-110 in the peak and this is my biggest concern, however, in the middle of the afternoon I can say a lot that it's getting worn out. it feels like it gets to something of a stable state for a few hours, but the stable state is a little too high, then the tanks and my heart rate falls along with it. pretty fascinating to see my heart rate chart on my watch essentially plot the concentration of the drug in my system so clearly. I just stumbled randomly through the cyp2d6 gene, and decided to look at it in my promethease report. lo and behold, it seems to me to be an “extensive metabolizer”."
23,"being of the uk this is something that I am really interested in knowing your thoughts on. through reddit, tiktok, facebook, popular culture, etc. and friends in us, I observe that adhd is spoken and diagnosed / treated much more in us than uk. in the uk is very rarely discussed or diagnosed / treated. I would be interested in people's opinions on why this is. it would be especially interesting if I could get answers both from us and the uk. What could be the reason for such a different approach between the two countries? and what has gotten the right thing?"
24,"I need help with this. I was given atomoxetine by a psychiatry doctor, for 3 months to 18mg. Two months have ended and I am not planning to see the doctor again, because it is very expensive for me. How can I control the dose for this? How do I stop taking it."
25,"I recently submitted to extensive tests, the wais iv, to be put on disability (I am in Sweden). I apparently scored 42 out of 50 in the tamm test, which would indicate that it is wrong. the psychologist doing these tests has written that he got the impression/opinion that I really tried to perform as well as possible in the tests, however. I did not falsify or falsify any of the tests, psychological or physical. Is there another explanation for this low score of a tomm-test? I would add that I had only slept an hour the night before, so I was exhausted. I managed to get very decent scores in all the tests, but coding / searching for symbols."
26,"I was wondering if anyone could point me to good resources to shrink out of valproato. currently I take 1400 mg a day (200 in the morning, and 1200 in the evening) for bipolar type ii. I am a student and have found that makes it feel like my head works slower, and I feel tired way more easily. this is something I have discussed with my psychiatrist, but my next appointment is quite a way."
27,"background: 37; female; height and average weight; white; history of situational depression (last episode was 14 years ago) and autoimmune hypothyroidism in progress (well managed with daily levothyroxine (75 mcg); family history of depression and anxiety; immediate family (son) with autism and adhd. I recently underwent a neuropsychological evaluation because I suspected I have undiagnosed adhd. I also suspect that I have an anxiety disorder. I received the evaluation report today. confirmed the anxiety, with which I agree. however, I was not diagnosed with adhd. what I am curious about is the possible comorbidity of anxiety and adhd. I feel like a large part of the anxiety I experienced relates to issues I thought were connected with adhd (for example, making mistakes in work or not meeting deadlines, which leads to anxiety about negative consequences for these issues). also, I have noted ""moderately over average"" in the intellectual evaluation, and I am curious if I exceed the average."
28,"Psych wants to start at lamotrigine for ""disregulation of humor"" but mdma has been a wonderful help in dealing with past traumas and accepting things. I just don't want to lose m, but I will if I start this mood stabilizer? I can't find much about this online just wondering if anyone here can have experience or knowledge with this. Thank you."
29,"I am a 25 year old boy, and I have had a problem with being focused when I study or learn for a long time. this has been happening since I was about 17 years old. sometimes, I can get really interested in a topic and learn quickly without getting tired or bored. but most of the time, when I try to focus, things get weird. the words on the screen become blurred, and I can only see one word at a time. everything else goes away until I look at the next word. this keeps happening until I give up trying to read. even understanding a simple phrase becomes difficult, and I have to read it again and again until it makes sense. this makes me feel sad and tired, and I end up sleeping a lot. but there are other times when I can work on something I like for days, and none of these problems happen. I am also very energetic and happy or depressed and tired and I can't do any homework at all, I understand that studying can be boring at times but I'm really studying something that I'm passingsi"
30,He says if not antipsychotics then at least take more lorazepam for now so I sleep better. What is the research question? I think I need to go back to sitka to reverse the curse.
31,"Hi there I am under the care of a psychiatrist although I have not seen it in more than a year because my situation is stable. I was diagnosed 30 years ago with schizophrenia and placed in risperidone have done well my mastery etc corporate work. then my depressions began to catch up with me and I went through some serious negative experiences from 2018-20 and my diagnosis was changed to schizoaffective disorder. there was an added ssri and I have done well on that. one thing I do struggle with although it is executive function and focus and memory problems and usually just having a washing machine brain. in search of a treatment, we tried to butrin that was fantastic in dealing with my mental focus problems as well as depression, but I am allergic. are there other prescription options that I should address to my psychiatrist about adhd treatment?"
32,"20f5'298.5kgs medications: lisdexamfetamine 30mg, fluoxetine 40mg once a day iron pills 2-3 times a week depending on my health i.p. naproxeno 550mg, ativan 1mg disorders: adhd-c and personality disorder borderline, cannabis I use disorder (I have been sober for a while) I am stable, but it takes almost all my energy to keep most of the days.I can't keep a job, despite my best efforts.I have tried to reduce my hours and change which industry I work but nothing helps.I also had to leave college because I couldn't handle my course load, my daily work at home and my well-being.I can't get to the end of the month on my own, as I have done in the past.I used to be able to work 40+ hours a week, although at the expense of my willingness to live, but I haven't been able to do this in years."
33,"Recently I have been diagnosed with an autoimmune disorder called Berger's disease that attacks the kidneys. my psychiatrist is unfamiliar with my illness and my nephrologist is not familiar with adhd meds. so basically I'm not sure who to go to get help about this. I thought I would like to ask here in case someone has any knowledge about the effects adhd meds can have on the kidneys and that one would be considered ""safer"" and why."
34,"f26. lexapro 40mg (depression) & quviviq 50mg (insomnia) I want to stop dreaming. I have dreamed almost every night during the time I can remember. some nights are pleasant dreams, but more often they are not. some nights I wake up screaming. almost every morning I wake up exhausted. Is there anything I can take that prevents me from dreaming, or at least make my dreams less intense?"
35,Why do antipsychotics have a bad reputation when it helps some people?
36,"Is this currently the norm in the field, or considered bad practice? to me it seems crazy (ironically), considering that these are lifetime sentences and are supposed to be based on a long-term pattern of behavior."
37,"I don't understand what happened. I have had severe depression since childhood so I was approved for spravato. I had 2 treatments last week in my provider's office. I have reported some side effects in the days after treatments, including depression and if (notable because I had no thoughts if for more than a month), shortness of breath, intermittent headaches, nausea, fatigue, etc. I wanted to continue treatments. I can handle the side effects - I just want to improve. it's been 5 days since my last treatment and I'm still getting thoughts if intermittent. I feel I'm going to go back to when I had my mental crisis last year. I'm in contact with my doctors and safe at home. I just want to understand why I couldn't tolerate spravato. and it's these thoughts that will disappear? thanks for your help and I understand that your comment is not a medical advice. I'm very sad to have to interrupt the treatment and I don't understand what happened."
38,"I was seeing a standup comedian who claimed that his therapist told him that most people never consider suicide. Is that true? I googled and could only find the statistic that about 8% of people have had suicidal ideation in the last year, but not the percentage in general. I am doing well now, but my mind is blown by the idea that most people always find life tolerable."
39,"Im currently in 200mg of lamotrigine, 300mg of wellbutrin and 30mg of abilify. I am diagnosed schizophrenic. my doctor wants me to add mirapex as well as for my anhedonia. I have read about the side effects and I am reluctant to add another medication. also curious about their interaction with abilify. ive has also been drinking quite strong and cant really control it, and I worry the mirapex will make compulsion even worse. my doctor knows all this and is still strongly recommending the mirapex. just looking for the outside vision."
40,"Among the following antidepressants that one is the best for tiredness and not feeling drowsy for you. I find bupropion not sedative but it makes me too nervous. cymbalata, christiq, venlafaxine and escitalopram make me kind of tired. ive never tried prozac. I wonder if prozac is different wise energy due to 5-ht2c is sedative or more stimulating than cymballa? thank you!"
41,"The activation warnings for suicidal ideation i (43 f) live in uk. when I was 14 years old I was diagnosed post viral fatigue syndrome that since then have called me chronic fatigue syndrome, and fibromyalgia by several health professionals. like uk and England in particular has pushed psychosocial treatments for me, I have been in and out of counseling/psychology for years - to the extent that iapt and psychology no longer want to see me anymore as apparently I have not received enough benefit from previous treatment. the difficulty I have now is the psychiatrist I am seeing has currently described my depression as mild and possibly an unusual type - dysthymia. however, in the last three months I have had some of the most persistent suicidal feelings and desire for self-harm that I have ever felt. even more distressing is the autumn/winter approach as in previous years there has been a strong recession in my mood during the darkest months and it is believed that there is a component of sad."
42,"Considering a high percentage of disorders may (but not always) come from small trauma t, such as mdd, anxiety, social anxiety, avpd, bpd, spd, stsd etc. and even temporary adhd-like or [autism]("
43,So I'm prescribed 2mg xr xanax and I have my new script sent to wal mart of rite help by my doctor last week because the manufacturer that the rite help had me sickened. fast forward a week and had another medicine ready to pick up that I've been receiving in rite help so I had my wife go pick them up since I'm working long hours and I wouldn't do it in time and just gave her the xanax script too. not too sure what to do in this situation because obviously I don't need both recipes and I didn't think they would give them as it was changed to another pharmacy for my Dr.. any entry?
44,"27f. 130lbs. diagnosed with autism, ocd, depression and anxiety. prescribed citalopram. also have more and take ocrevus. when I was very young, about 4 years of age, I began to experience what I can only describe as a response of enormously exaggerated disgust. I suspect that it may be related to ocd, because I would experience intrusive thoughts/images of things that disgusted me. plus, my symptoms do not sound very different to what I have heard about the pollution just, I was not afraid to get sick due to the spread of bacteria, I was greatly upset by the thought of skin cells, sweat, dirt etc being ingested by me. it is better to illustrate with examples that I experienced from around the ages of 4-11. - once I saw my youngest cousin get mucus about himself when I had a cold."
45,"Hi, I had a second opinion that I asked about changing antidepressants as I still feel low, said that if 2 antidepressants doesn't work a change to a third won't respond to any truth to this statement? I've never heard this before, so you've kept me on fluoxetine 60mg I've been on that dose for about a year and you want me to keep taking it even though it's not providing any benefit. What else can you do? feels like you've given up and if you've given up I don't get much faith in getting better. in the uknhssss"
46,It's been more than a week since my doctor was supposed to send a seizure medication and I'm getting low. No one is able to contact him. It's a telehealth so you can only get by email. What should I do?
47,"Unfortunately, mental health in the Netherlands is in the worst state and I have to wait a very long time to get something, so I want to briefly describe what is the situation in my case. I am m23 with anhedonia for life: since childhood, I have had difficulty getting pleasure from any intellectual activity that involves mental effort. I also struggle with experiencing *interest* (curiosity) on anything. however, I do not suffer from depression, and I am in excellent physical form. I participate in sports four times a week, maintain an extremely healthy diet, and sleep well. I simply do not experience pleasure at all, from social interactions and ending with reading books. I can only enjoy simple things like food, sleep, and video games (but sometimes have trouble enjoying games!), and nothing else. in other words, I can enjoy those, but anything related to mental effort is beyond me."
48,"So, I've been almost 4 years with fluoxetine. yesterday I had an appointment with my doctor and told him that I wanted to stop ssris and start therapy, he agreed and gave me a plan to stop fluoxetine. so my normal dose was two 20 mg pills. first he told him that I should take a pill every day for 10 days, then a pill every 48 hours 6 times, and finally a pill every 72 hours 5 times. what can I expect? I feel a little drowsy."
49,"I am a senior student in high school and I have been thinking about what I want to be in the future and eventually decided that I want to become a psychiatrist, but I have read some threads and posts here in reddit and it seems that psychiatrists have a bad reputation of just giving prescriptions to people and not diagnosing them correctly or actually helping them heal. I want to help people with their mental health, and the choices I have set up are therapy and psychiatry. I am under the impression that therapists can give therapy and help people with their trauma, mental problems, etc. through talking / interacting with them but they cannot prescribe medications, and psychiatrists can prescribe medications but it is very rare for them to give therapy? I want to be a psychiatrist, but I also want to be able to give people therapy, but it does not just give them only therapy."
50,"A few years ago, I was sexually assaulted by my blockmate. It happened around 2021. i (21f) I was drinking with my blockmates at college at my home. actually, we were friends at the time, so we decided to drink at my house just to have fun. then, I got drunk, so I went upstairs to my room to sleep, but then my male blockmate followed me inside my room. after that, I threw up near the window, and I remember that it helped me because I was throwing up a lot. then I got so sweaty and I felt hot because of the alcohol, so I took my top clothes but not my underwear, and I remembered to say, “it’s hot.” after that, I just lay on the bed because my head was turning. then it got on top of me and kissed me by the force. I was still drunk, but I pushed it, but I was so weak because of the alcohol. I didn’t give myself any consent. I didn’t know what happened after that, but then I felt that he rushed into me."
51,It's like if someone confesses to j out in a car. while looking at a 30-year-old woman walking. would they betray? if we said they can't see inside more stained windows. Would this be considered in the category of harming others?
52,"Hello everyone, I am here asking for help to find out exactly what is happening with my partner and if there is a mental health condition that could encompass this type of behavior. for context, i (26f) have been with my partner for several years and have been witnesses of these same trends for most of our relationship. I deeply love my partner, and all this has been quite painful working through so far. I hope that, given an idea of what we are against, my partner will be able to find mental health treatments that can help make this less of a problem in our lives. my partner has a tendency to dissociate himself during discussions. 98% of our lives, will be loving and loving, funny, charismatic, etc. However, they will be triggered by actions that are difficult to predict and snap at times, leading to heated confrontations. these are not physical confrontations, only verbal. these confrontations will include insults, screams, big and often false claims about my person or about the"
53,"32, ~100kg, 6ft, men, Caucasian drugs of - sertraline 50mg amitriptyline 70mg a - duloxetine??mg amitriptyline 70mg no recreational drug use except alcohol 2 units of maximum alcohol in any 24 hour period condition: general anxiety disorder / depression, peripheral neuropathy, migraines.Thanks for any response! tl;dr: I am concerned about the change from sertraline to duloxetine as there is no washing period or through the layer and amitriptyline is being used simultaneously. this means sertraline, amitriptyline and duloxetine will be in my body simultaneously. I am concerned about the risk of serotonin syndrome or cholinergic crisis. How safe is this? Complete information: my duloxetine prescription gp at my request as sertraline is not cutting it. I am very activated, intermittently shake and my gp said ""yes, I can see that."""
54,"(I read the rules but please tell me if and what I need to change so as not to violate the guidelines!) (information details for rule 1) ——————————————————————————— demography: 18m(gay, if that matters?), 5’8/137lbs, Caucasian - psych dx’s: adhd, mixed type,&odd @anonymous-14y i was ‘secretly’ anorexic/bulimic, (for all 6 patients remain mix and meds were changed within 10 minutes each time) @ 15y, was dx w bipolar, mdd and adhd... not until I was 17 years old was dx with non-specific type bipolar, adhd, gad, and social anxiety, (I try to avoid my information so possible, mdd and ahd... not until I had the only available in a radio, but yes in all cases, two years later"
55,Do you suspect that you are suicidal but do not want to say it because it could provoke an involuntary admission? Is it a huge red flag that you chase asking again? or do you let it slip?
56,So I was prescribed abilify (aripiprazole) and amisulpride both low doses for treatment-resistant depression and bpd. however they seem to act in an opposite way. Is there any danger with this interaction?
57,"Hello r/askpsychiatry, 23 years old male here I am arriving today in the hope of finding some guidance and clarity in my situation. to give you some background, I started with a prescribed dose of 54mg concert for adhd. unfortunately, over time, I began to abuse it, which led to a cocaine, mdma, and addiction to the grass. Finally I stopped all the drugs and later fell into a depressive state. not being completely in advance, only informed my doctor that I had stopped the concert. in response, I prescribed 300mg of wellbutrin sr for my adhd and depression. however, I began to experience severe paranoia where I believed that everyone in my work was against me. to combat these effects, I was prescribed abilify: initially 2mg and later increased to 5mg. a few months down the line, I trusted my psychologist on my past drug abuse and asked him to inform my doctor. this led to my doctor sertraline 50mg. since then, I have made some positive life changes. - i, changed."
58,"i(26f) I am diagnosed with depression and anxiety, and I take escitalopram 10 mg once a day. it has helped relieve some symptoms of depression, however I am still very tired and I have almost zero motivation to do anything. i have never been diagnosed with adhd, however recently I have tried 5 mg of methylphenidate and it makes me feel ""non-depressive"", my pre mental illness. i can get out of my bed easily, i can do my homework, i can keep a healthy sleep schedule (i.e., stay awake during the day and fall asleep at night). i am also in propanolol for anxiety so the ritaline does not mess with my heart rate either. i wonder if this is sustainable. is it safe to take 5 mg of ritaline every long-term morning? what other options is there to fight the symptoms that scitapram is not addressing?"
59,"It's been 13 years since my traumatic event and I've done a lot of ketamine therapy. I don't think I have any more. When I visit a new doctor, should I include it in my diagnoses or not?"
60,"Hello everyone, I am doing a research project in different occupations. Could you give me a list of pros and cons for your profession as a psychiatrist?"
61,"I had a video psych appointment today and asked me where I was and I said snow. I live in California but I'm going to reindeer every day but because it was snowy when we videochatted, he said we had to reprogram because he doesn't have his license in snow. Is this really a rule?"
62,"I have been taking brexpiprazole for about last month and have noticed that one of my lower eyelids has been ticking for days at a time. I have never noticed that it does this before. It could only be stress/caffeine/etc. I have only received akathisia of aps before but eps seem quite rare with rexulti. I have also found myself tightening my jaw/grinding my teeth much more often than usual, although this might not be related. How likely is this associated with medication? I do not want to have to stop taking it, it is quite good, although I also do not want dystonia."
63,"Hello, I have ba in psychology, but I want to pursue getting on the right path for psychiatry. I know I have to go back to school to get all the pre-med requirements. since I didn't take any in my grade. However, what older should I be looking for and how to pursue the rest? nothing helps thanks."
64,"question for research hello, I am writing a small piece about psychopaths for an independent project, and I have a quick question that I need an answer to. if you want to be arrogant and condescending (as those of another subreddit were), please refrain from responding. the checklist of the psychopathy of hares declares “not to accept responsibility for one’s own actions.” If we look at someone like Albert fish (serial child killer, etc.), he said that God told him to mutilate the genitals of the children. Would this be considered diverting blame to God? or not accepting responsibility? thank you, and again, or redirecting or not answering. not being a penis."
65,"The title says it all. I constantly observe my rectum and I am afraid that there will be pleasant sensations. How is this ocd about hyperconsciousness (by mental health professionals)? what should I do? p.s. I do not have shopd, I am not afraid to be or become homosexual due to some sensations."
66,Does anyone have any idea of the processes that arthur hurst employed during the treatment of shock victims ww1? Why don't we see cases like these more (or why we don't hear about them)? [
67,"Hello everyone, I have several mental illnesses including adhd. I also have tonic clonic epilepsy both of which make it difficult for me to function mentally. There are many medicines that could help, but most of the psychological medications I have taken reduce the seizure threshold. any advice is appreciated"
68,"abilify for tics hello, i am caucasion 23 f 110lb who has developed tics in the last 2-3 years adhd diagnosed 15 yrs asd eval next week- suspected by pcp age 15 just couldn't afford an eval so far general question: does abilify worsen or help my adhd or cause harmful side effects? I took concerta/methylphenidate for 9-10 yrs stopped 1 year ago due to tics, no guanfacin and clonidine improvement does not help tics or adhd and my performance is suffering so much due to the distraction and fatigue of the ticks, but also adhd saw an anti-prescribed neurologist abilify but I'm horrified to take it. I'm afraid it's not worth the risk of tired dyskinesia or my brain becoming dependent on medication. my neurologist says it's unlikely td from such a low dose (2 mg) but I'm still terrified."
69,So I started luvox 7 days ago in 12.5 and I changed from doxepin. I’m having a lot of anxiety increase and thoughts of ocd. Is this normal for it to get worse before it gets better? I feel it’s also doxepin retreats. How long do withdrawals usually last when you switch from one kind of ad to another? I have an appt with my dr for the next few weeks but I want to know this now so I can try to relieve my mind if it’s normal.
70,There is selective mutism. but it is usually referred to someone who is not -able- to speak because of -anxiety- etc. but what can lead someone not to speak even to someone when he is able and not to experience any anxiety? is there any psychological problem?
71,"My brother who is diagnosed with bipolar and even schizoaffective bipolar type shows some very strange and terrifying personality traits. as when he becomes manic, he becomes extremely sadistic who took him to run on a homeless man 8 years ago. has been out of jail for about 4 years and remains the same behavior. has been going manic almost every year, which lasts at least 3 months before he was admitted to psychiatry. every time he shows the normal grand trait of bipolar, but this becomes an extreme sadism. a good example is 3 weeks ago my parents went camping and let me handle it for a week. at this point he was manic for about 3 months. at this point he started blowing his money into steroids and started making crystal meth. but all week he trusted that he wasn't telling my parents what he was saying. his entire mentality was scary. he was buying bp, pistols of bucks, knives and other weapons and tell me how he's going to shoot people with them when he covi"
72,Had anyone tried this? any risk of prescribing epidiolex off the label?
73,"Or is that highly unlikely, if not impossible by virtue of this diagnosis? any psychiatric/psychological articles online about this? please include."
74,Is there a specific symptom that can give a definite response that someone is/was experiencing a drug-induced psychosis/symptomatic or an endogenous psychiatric condition? (specific psychotic disorders and psychosis-inducing drugs) (without actually having a drug test done)
75,"Hello everyone, I hope this post is allowed. I am writing this post on behalf of my husband. I want to prefabricate this by saying that my husband has been in contact with a psychiatrist for almost two years now. I am not looking for this sub to diagnose it, but I want to know if there is the possibility of bad / subdiagnosis. Psychiatry in our country moves so slowly and those resources are precious once you finally get to a session, so hopefully being prepared will get him the right help faster. ** your next session is in a few weeks.** about my husband: he has already been diagnosed with ""the worst adhd the psychiatrist has ever seen"" as well as ocd, and now they can be tested for bipolar disorder in the next session. my gut feeling is that while the diagnosis adhd is probably correct, many of the symptoms are also a part of something else, as they are greatly exaggerated compared to all the other people I know with adhd."
76,"Most people in my real life discard it, I feel, combined with the frequency with which it does not feel like something is wrong. at least medically. these things are real. they feel real. no one else agrees. rarities of humor. I did other posts complaining about it too, and many other posts that explode in the way I do sometimes. for 3 years. I have been feeling very sad to very very very happy, on and off, although without clear pattern to him. evrything is perfect and aliens are talking to me -> I hate everything and want to sleep forever -> I am becoming a bird and I don't need to eat food anymore! etc. and sometimes smaller periods where I feel so happy almost shot and it's not fun but it's not so bad, or really get things done, but being weird and irritable and not sleeping too much. but I am a very quiet person who naturally hides problems that I have."
77,"Hi, I'm a senior in high school applying to college at this time. I took a psychology class ap last year in my first year, and I fell absolutely in love with the subjects that were discussed. it was the first class in which I was disappointed when the rung bell. I would love to do psychology in college, but the thing is low pay and saturated market. I feel that if I'm going to commit, I must go with all the strength in psychiatry. the thing is, I'm afraid the medical school, and I can't be a good student for it, or that I will fall apart under stress. any advice?"
78,I know that antipsychotics are sometimes used in the treatment of anxiety as adjunct agents... and that the evidence to support at least some of them for this is surprisingly strong. the apparent moa for the ssris seems to be well understood: they work increasing the levels of seretone that has a general inhibitory effect on the brain. but what about the antipsychotics? from what I understood his moa is altering dopamine transmission. what does that do to help anxiety? do you understand why it is often beneficial in the treatment of anxiety or is it just one of those things that seems to work and no one really knows why? (or... is the antihistaminergic effect the secret sauce at work?)
79,"Is it possible to build a tolerance to antipsychotics and that means it becomes less effective? but perhaps less anhedonia, avolition? also how long would this take."
80,"When is it bad enough that a patient should take medicines?If the patient can go around his or her day without medication while he or she is depressed, would you advise him or her that she does not need to be in it?"
81,"I am diagnosed with adhd-it, schizoaffective bipolar type, gad, and social anxiety disorder. man, weight; 40 pounds overweight, age 23, race current multiracial medications; generic buspirone 10 mg twice a day, abilify 15 mg, and 15 mg xr dexedrin. so after an hour of taking burispone 10 mg, I feel extreme dizziness and numbness after an hour of taking it. these dizziness last about an hour and disappear after that, but it is so extreme that I feel as if I am going to faint. work full time, and I take my medication there because I am forgetting and sleeping about 12 hours a day (I know I need to see a primary care doctor for this.). so the dizziness occurs at work where I am constantly walking as well. I will contact my doctor about this tomorrow, but I could not get control of it for these last two days because the clinic is closed."
82,"I've been going through a bankruptcy so my life has definitely not been anxiety-free. But, in January I went to bed with mild depression and anxiety and woke up with severe depression and anxiety. It was like someone just turned on a switch. I was already seeing a psychiatrist to try to handle mild depression so we started changing my medications to get a handle on it but nothing worked. I spiraled deeper and deeper until I was getting pretty clear that I needed hospitalization to stay safe. I finally put myself in abilify and my whole life changed. The clouds broke apart and I could see the sun again. But the anxiety is starting to crawl again and I'm afraid I'm going to finish again where I started. My fear, however, was that there was a biological cause that started this because it came out of nowhere. Is there something that would cause this besides stress? I know myself and I'm having a mri in my head soon for a different reason so I'm anxious to discover."
83,"I have had auditory verbal hallucinations since 2016. however, they seemed to be random, apparently responses to the white noise around me. Earlier this year, February, I think, my hallucinations became something else.It seemed mainly to extract from my past memories (painful). 90% of the times, hallucinations are based on certain scenarios: insults/verbal abuse of 2015.However, I noticed that some scenarios are not from my past experiences, at least not from my personal experience.Some of these scenarios include receiving mob beatings, which have never happened to me.Also, the scenarios seem to happen in my head, in the same space where visualizations occur, so that I could be dragged into my head and take control of these ""stages"" by controlling the results in my favor.How do I know if this is a trauma-based hallucination or a normal auditory verbal hallucination?Thanks, ps: I heard similar in 2017. the scenarios were taken from negative events of 2013 and 2014."
84,"The biggest problem is, that I am not able to work full time. I will try to explain. your not only about work, but many things. when I know I owe something, like, go to work for 30 years, have orthopedic devices, to exercise to lose weight, etc. all the things I owe something blocks me and I get very nervous, anxious, I can not function normally. I am not like normal person. I get anxiety, and even panic attacks just with thinking I have to spend 8 hours x 5 a week somewhere I don't want. I have orthopedic devices and 1 week after that, I went to the dentist to eliminate them. I started diet and exercise and 1 week later I got anxious and had panic attacks and stopped. as soon as I feel free, I'm fine. or with my own business (although not much stress, I can't deal with stress, I start to be very nervous and shake?"
85,"So I was recently admitted to a psychiatric hospital and got into depakot and risperidone. I can’t stand the side effects of risperidone. It blocks seratonin and dopamine, so I feel quite just “bleh”, and I’m tired all the time and hungry. I’ve earned more than 20 pounds already. I want to stop taking risperidone, but I have an Ira order that makes it mandatory for me to take my medications. The only way my doctor would really know if I wasn’t taking it is if she ordered the lab work. So if she asks for the lab work, could you see that I’m not taking risperidone? It’s possible to take only risperidone around the time of my appointment, or 1-2 weeks before my appointment, so it’s shown in my lab work?"
86,"A few years ago I started listening to inner voices and other sounds. I also see clear images with my eyes closed. This happens when I am trying to relax or get some sleep. I didn’t experience these symptoms all day long. These symptoms disappear for a while and then they come back again. I mentioned this to my pcp and they said that some people can experience this when they try to sleep. They asked me some questions about things like if I have a job, energy levels, appetite and sleep. They told me that I wasn’t showing signs of a mental illness or even sleep paralysis. He ordered blood work and some other tests and everything was normal. I read about hypnogological hallucinations, but I’m not sure if that’s normal this often. I’m a 42m, 5’9”, and 170lbs. I’m getting 7 to 8 hours sleep all night. I don’t use drugs or something. sometimes my work can be stressful, but usually happens."
87,"Hi, I've been diagnosed with bpd after a 4 week hospitalization stay, but I'm not convinced. I regularly hear voices and I'm paranoid about people reading and listening to my thoughts (this happens every day) I don't go out anywhere and I don't have any friends (I think the psychiatrist thought that this as a symptom of bpd- difficulty in maintaining relationships and making new relationships) but this is due to paranoia. I also feel low all the time. The only symptoms of bpd I have is chronic damage and a great history of suicide attempts that if I'm aware can be a symptom of other things, but this is largely due to voices. I'm not afraid of abandonment, I don't have intense mood changes and I wouldn't say I'm all that impulsive. Do you think my symptoms justify a worthy bpd? I understand that you can't diagnose it through the Internet."
88,The Internet says I need five half-lives. Am I being a nervous nelly here?
89,"29 male after taking 7.5mg of prednisone for 2 weeks from a doctor, now I am experiencing severe brain fog/loss of sense of reality to the point that I am hallucinating.I can't discern what is real and what isn't, I don't feel real, everything around me I don't feel real, I feel like im dream/im in a dream despite being awake.The mental side effects of prednisone is comparable to a 'high' marijuana or some kind of recreational psychedelic drugs.I already stopped the prednisone 3 days ago, but the mental side effects listed above still persist and occur all day long.First it was insomnia, you can only sleep for 3-4 hours, then came the brain fog, and now the detachment from reality.I take alprazolam because those mental side effects are giving me panic attacks. by investigating my symptoms, I have discovered that corticosteroids cause'steroids steroid'. and I have found a lot of positions here of people who have the same experience as I take prednisone."
90,"I've had a history with 3 psychosis. the first 2 times was because of drugs, the 3 time was because I stopped taking my medications too early, I was advised to take it for 5 years but it stopped only after 1.5 years. my question is. abilify and olanzapine does the same work? do they affect the same receptors in the brain? are they abilify prone to psychosis, because it affects dopamine levels and raises them, and olanzapine does not do this, which your opinion best considers"
91,"So I've been looking and googling about what's happening and only 1 response appears ""depersonalization or derealization"". basically lately I've been feeling that around me is not real and im in a dream state or I feel like im watching a pre-recorded that does me every day task. now this feeling usually happens to me if I have dreamed of something and ended up happening in real life its like my soul left my body and im just thinking about my head what the shit is happening idk what happened to trigger this and I'm sure I don't know how I stay out of it and just to be clear I'm not stressed or depressed and careless like a child even I technically I'm still a child not really cause im just 14"
92,"ftm 23y/o, depression since like 12, meds: cisordinol, akineton, duloxetine prn lorazepam crisis 5/50(5mg haldol, 50 mg prometazine) 3 years in t, precision I have been struggling with treatment-resistant depression for years I have tried almost everything. I have therapies like cbt and dbt and art therapy. a lot of antidepressants from each ssri, snri and tca's group: fluoxetine, venlafaxine and nortriptyline among them. I don't remember all of them. I had a lot of antipsychotics too. but they really don't do anything. I'm doing ect now, but it's not having the effect we expected. it's improved a little but far from enough. ketamine is on the list of things they can still try but it's basically the only thing left."
93,"For the last couple of months I have been decreasing out of lamictal and my last dose is 25 mg on Monday. I take 200 mg fluvox er at night. for the last 1-2 years I have had loose eyes and no matter how much sleep I get I am always tired. exercise is hard because my muscles are weak and feels like tender every time I try to work out of them that never happened before medication, use for love that works out. What do you think is more likely than causing this? any help would be appreciated."
94,So I've been told by the people of Alota that I should seek help with the mental problems that I'm trying wit... but the thing is I'm afraid of doctors at least tell them what I'm going through so uhh ye
95,"I read too much in the various forums such as the network of pfs and r/stressless. a lot of post-final sufferers claimed a lot of rare side effects and I got scared reading rigidly about it. &x200b; about the same time, I suffered a 